id;date_debut;date_fin;nbr_heure_code;prixheure_code;nbr_heure_conduit;prix_heure_conduit;disponobilte
1;Shirt Georgia;Harbor grey capacitor;72666;86594;87478;14343;grow mobile
2;EXE Unbranded Granite Towels black;pixel;70991;8092;55149;30730;SMTP incubate
3;Granite Forward;full-range;71734;52325;75397;29244;facilitate leverage SMS
4;Italy orchid;Health Unbranded;93412;16328;28540;44131;Extended synthesize
5;Avon mobile Libyan Dinar;24/7;69071;3156;40748;29279;leading-edge
6;Bedfordshire purple Granite;Garden front-end Buckinghamshire;91684;49824;42451;81463;Towels Wooden
7;parsing;Refined Steel Computer;71466;48793;81506;51724;Bouvet Island (Bouvetoya) Director calculate
8;facilitate Car;turn-key Chief;52914;96781;51848;66466;Bedfordshire Antigua and Barbuda out-of-the-box
9;Refined Wooden Cheese action-items;lavender Representative calculate;65092;29293;78661;50012;Denar
10;Money Market Account dynamic synthesize;backing up;84218;73044;3552;71275;program
