id;cin;login;password;nom;prenom;telephone;type;adresse;datenais
1;e-business;visionary overriding deposit;override Home;Response;Colorado;1-909-135-4893 x646;Mill Tenge convergence;system engine Washington Directives;Gorgeous
2;Hryvnia;District;Liaison;violet;capacitor parsing;555-409-9963 x6468;users;Mozambique;ADP
3;Berkshire withdrawal SDD;overriding;payment bricks-and-clicks;gold Multi-lateral;Hat Colorado bypassing;1-926-452-6851 x6374;Wooden virtual Fundamental;Paradigm Fresh index;Czech Republic online
4;payment;Networked Response;Pataca collaborative;Pound Sterling solid state neural;Burgs;(930) 539-3724 x580;AGP SMS;Ball Fresh;magenta enhance
5;bypassing;installation;global Plains;Down-sized;Personal Loan Account turquoise;781-701-1801 x4092;Assurance Uzbekistan Fresh;indigo port;Refined invoice navigate
6;AGP American Samoa Nevada;Wooden;Intelligent Auto Loan Account;bluetooth ubiquitous New Leu;frictionless magnetic Credit Card Account;(781) 477-6089;payment deploy;Norway Managed Texas;Designer
7;indexing application reboot;Forward Credit Card Account Cotton;Investment Account black Pants;Avon Sleek Plastic Chair XML;productivity cross-media initiatives;(289) 384-8582 x6700;Soap reinvent;value-added;Movies ubiquitous
8;Tasty Granite Soap impactful Mouse;Internal;Guernsey Credit Card Account Handcrafted;Granite Village;Managed salmon recontextualize;1-684-203-4426 x86636;calculate Indiana;Euro programming Forge;Personal Loan Account morph
9;array;West Virginia North Korean Won;lime;Serbian Dinar payment;Track neural;124.760.2636 x7232;purple;SQL digital;compressing policy pricing structure
10;Dynamic needs-based generate;Guatemala protocol;hacking;Rest;dot-com;1-007-477-9090;Czech Koruna Berkshire scalable;silver;Czech Koruna Engineer
